team,season,wins,losses,ties
"UCF",1996,5,6,0
"UCF",1997,5,6,0
"UCF",1998,9,2,0
"UCF",1999,4,7,0
"UCF",2000,7,4,0
"UCF",2001,6,5,0
"UCF",2002,7,5,0
"UCF",2003,3,9,0
"UCF",2004,0,11,0
"UCF",2005,8,5,0
"UCF",2006,4,8,0
"UCF",2007,10,4,0
"UCF",2008,4,8,0
"UCF",2009,8,5,0
"UCF",2010,11,3,0
"UCF",2011,5,7,0
"UCF",2012,10,4,0
"UCF",2013,12,1,0
"UCF",2014,9,4,0
"UCF",2015,0,12,0
"UCF",2016,6,7,0
"UCF",2017,13,0,0
"UCF",2018,12,1,0
"UCF",2019,10,3,0
"UCF",2020,6,4,0
"UCF",2021,9,4,0
"UCF",2022,9,5,0
"UCF",2023,6,7,0
"UCF",2024,4,8,0
"UCF",2025,5,7,0
"California",1916,6,4,1
"California",1917,5,5,1
"California",1918,6,2,0
"California",1919,6,2,1
"California",1920,9,0,0
"California",1921,9,0,1
"California",1922,9,0,0
"California",1923,9,0,1
"California",1924,8,0,2
"California",1925,6,3,0
"California",1926,3,6,0
"California",1927,7,3,0
"California",1928,6,2,2
"California",1929,7,1,1
"California",1930,4,5,0
"California",1931,8,2,0
"California",1932,7,3,2
"California",1933,6,3,2
"California",1934,6,6,0
"California",1935,9,1,0
"California",1936,6,5,0
"California",1937,10,0,1
"California",1938,10,1,0
"California",1939,3,7,0
"California",1940,4,6,0
"California",1941,4,5,0
"California",1942,5,5,0
"California",1943,4,6,0
"California",1944,3,6,1
"California",1945,4,5,1
"California",1946,2,7,0
"California",1947,9,1,0
"California",1948,10,1,0
"California",1949,10,1,0
"California",1950,9,1,1
"California",1951,8,2,0
"California",1952,7,3,0
"California",1953,4,4,2
"California",1954,5,5,0
"California",1955,2,7,1
"California",1956,3,7,0
"California",1957,1,9,0
"California",1958,7,4,0
"California",1959,2,8,0
"California",1960,2,7,1
"California",1961,1,8,1
"California",1962,1,9,0
"California",1963,4,5,1
"California",1964,3,7,0
"California",1965,5,5,0
"California",1966,3,7,0
"California",1967,5,5,0
"California",1968,7,3,1
"California",1969,5,5,0
"California",1970,6,5,0
"California",1971,6,5,0
"California",1972,3,8,0
"California",1973,4,7,0
"California",1974,7,3,1
"California",1975,8,3,0
"California",1976,5,6,0
"California",1977,7,4,0
"California",1978,6,5,0
"California",1979,6,6,0
"California",1980,3,8,0
"California",1981,2,9,0
"California",1982,7,4,0
"California",1983,5,5,1
"California",1984,2,9,0
"California",1985,4,7,0
"California",1986,2,9,0
"California",1987,3,6,2
"California",1988,5,5,1
"California",1989,4,7,0
"California",1990,7,4,1
"California",1991,10,2,0
"California",1992,4,7,0
"California",1993,9,4,0
"California",1994,4,7,0
"California",1995,3,8,0
"California",1996,6,6,0
"California",1997,3,8,0
"California",1998,5,6,0
"California",1999,4,7,0
"California",2000,3,8,0
"California",2001,1,10,0
"California",2002,7,5,0
"California",2003,8,6,0
"California",2004,10,2,0
"California",2005,8,4,0
"California",2006,10,3,0
"California",2007,7,6,0
"California",2008,9,4,0
"California",2009,8,5,0
"California",2010,5,7,0
"California",2011,7,6,0
"California",2012,3,9,0
"California",2013,1,11,0
"California",2014,5,7,0
"California",2015,8,5,0
"California",2016,5,7,0
"California",2017,5,7,0
"California",2018,7,6,0
"California",2019,8,5,0
"California",2020,1,3,0
"California",2021,5,7,0
"California",2022,4,8,0
"California",2023,6,7,0
"California",2024,6,7,0
"California",2025,7,6,0
"Baylor",1903,4,3,1
"Baylor",1904,2,5,1
"Baylor",1905,1,6,0
"Baylor",1907,4,3,1
"Baylor",1908,3,5,0
"Baylor",1909,5,3,0
"Baylor",1910,6,0,2
"Baylor",1911,3,4,2
"Baylor",1912,3,5,0
"Baylor",1913,4,4,2
"Baylor",1914,3,5,2
"Baylor",1915,7,1,0
"Baylor",1916,9,1,0
"Baylor",1917,6,2,1
"Baylor",1918,0,6,0
"Baylor",1919,5,3,1
"Baylor",1920,4,4,1
"Baylor",1921,8,3,0
"Baylor",1922,8,3,0
"Baylor",1923,5,1,2
"Baylor",1924,7,2,1
"Baylor",1925,3,5,2
"Baylor",1926,6,3,1
"Baylor",1927,2,7,0
"Baylor",1928,8,2,0
"Baylor",1929,7,3,1
"Baylor",1930,6,3,1
"Baylor",1931,3,6,0
"Baylor",1932,3,5,1
"Baylor",1933,6,4,0
"Baylor",1934,3,7,0
"Baylor",1935,8,3,0
"Baylor",1936,6,3,1
"Baylor",1937,7,3,0
"Baylor",1938,7,2,1
"Baylor",1939,7,3,0
"Baylor",1940,4,6,0
"Baylor",1941,3,6,1
"Baylor",1942,6,4,1
"Baylor",1945,5,5,1
"Baylor",1946,1,8,0
"Baylor",1947,5,5,0
"Baylor",1948,6,3,2
"Baylor",1949,8,2,0
"Baylor",1950,7,3,0
"Baylor",1951,8,2,1
"Baylor",1952,4,4,2
"Baylor",1953,7,3,0
"Baylor",1954,7,4,0
"Baylor",1955,5,5,0
"Baylor",1956,9,2,0
"Baylor",1957,3,6,1
"Baylor",1958,3,7,0
"Baylor",1959,4,6,0
"Baylor",1960,8,3,0
"Baylor",1961,6,5,0
"Baylor",1962,4,6,0
"Baylor",1963,8,3,0
"Baylor",1964,5,5,0
"Baylor",1965,5,5,0
"Baylor",1966,5,5,0
"Baylor",1967,1,8,1
"Baylor",1968,3,7,0
"Baylor",1969,0,10,0
"Baylor",1970,2,9,0
"Baylor",1971,1,9,0
"Baylor",1972,5,6,0
"Baylor",1973,2,9,0
"Baylor",1974,8,4,0
"Baylor",1975,3,6,2
"Baylor",1976,7,3,1
"Baylor",1977,5,6,0
"Baylor",1978,3,8,0
"Baylor",1979,8,4,0
"Baylor",1980,10,2,0
"Baylor",1981,5,6,0
"Baylor",1982,4,6,1
"Baylor",1983,7,4,1
"Baylor",1984,5,6,0
"Baylor",1985,9,3,0
"Baylor",1986,9,3,0
"Baylor",1987,6,5,0
"Baylor",1988,6,5,0
"Baylor",1989,5,6,0
"Baylor",1990,6,4,1
"Baylor",1991,8,4,0
"Baylor",1992,7,5,0
"Baylor",1993,5,6,0
"Baylor",1994,7,5,0
"Baylor",1995,7,4,0
"Baylor",1996,4,7,0
"Baylor",1997,2,9,0
"Baylor",1998,2,9,0
"Baylor",1999,1,10,0
"Baylor",2000,2,9,0
"Baylor",2001,3,8,0
"Baylor",2002,3,9,0
"Baylor",2003,3,9,0
"Baylor",2004,3,8,0
"Baylor",2005,5,6,0
"Baylor",2006,4,8,0
"Baylor",2007,3,9,0
"Baylor",2008,4,8,0
"Baylor",2009,4,8,0
"Baylor",2010,7,6,0
"Baylor",2011,10,3,0
"Baylor",2012,8,5,0
"Baylor",2013,11,2,0
"Baylor",2014,11,2,0
"Baylor",2015,10,3,0
"Baylor",2016,7,6,0
"Baylor",2017,1,11,0
"Baylor",2018,7,6,0
"Baylor",2019,11,3,0
"Baylor",2020,2,7,0
"Baylor",2021,12,2,0
"Baylor",2022,6,7,0
"Baylor",2023,3,9,0
"Baylor",2024,8,5,0
"Baylor",2025,5,7,0
"Syracuse",1899,4,4,0
"Syracuse",1900,7,2,1
"Syracuse",1901,7,2,0
"Syracuse",1902,6,2,1
"Syracuse",1905,8,3,0
"Syracuse",1906,6,3,0
"Syracuse",1907,5,3,1
"Syracuse",1908,6,3,1
"Syracuse",1909,4,5,1
"Syracuse",1910,5,4,1
"Syracuse",1911,5,3,2
"Syracuse",1912,4,5,0
"Syracuse",1913,6,4,0
"Syracuse",1914,5,3,2
"Syracuse",1915,9,1,2
"Syracuse",1916,5,4,0
"Syracuse",1917,8,1,1
"Syracuse",1918,5,1,0
"Syracuse",1919,8,3,0
"Syracuse",1920,6,2,1
"Syracuse",1921,7,2,0
"Syracuse",1922,6,1,2
"Syracuse",1923,8,1,0
"Syracuse",1924,8,2,1
"Syracuse",1925,8,1,1
"Syracuse",1926,7,2,1
"Syracuse",1927,5,3,2
"Syracuse",1928,4,4,1
"Syracuse",1929,6,3,0
"Syracuse",1930,5,2,2
"Syracuse",1931,7,1,1
"Syracuse",1932,4,4,1
"Syracuse",1933,4,4,0
"Syracuse",1934,6,2,0
"Syracuse",1935,6,1,1
"Syracuse",1936,1,7,0
"Syracuse",1937,5,2,1
"Syracuse",1938,5,3,0
"Syracuse",1939,3,3,2
"Syracuse",1940,3,4,1
"Syracuse",1941,5,2,1
"Syracuse",1942,6,3,0
"Syracuse",1944,2,4,1
"Syracuse",1945,1,6,0
"Syracuse",1946,4,5,0
"Syracuse",1947,3,6,0
"Syracuse",1948,1,8,0
"Syracuse",1949,4,5,0
"Syracuse",1950,5,5,0
"Syracuse",1951,5,4,0
"Syracuse",1952,7,3,0
"Syracuse",1953,5,3,1
"Syracuse",1954,4,4,0
"Syracuse",1955,5,3,0
"Syracuse",1956,7,2,0
"Syracuse",1957,5,3,1
"Syracuse",1958,8,2,0
"Syracuse",1959,11,0,0
"Syracuse",1960,7,2,0
"Syracuse",1961,8,3,0
"Syracuse",1962,5,5,0
"Syracuse",1963,8,2,0
"Syracuse",1964,7,4,0
"Syracuse",1965,7,3,0
"Syracuse",1966,8,3,0
"Syracuse",1967,8,2,0
"Syracuse",1968,6,4,0
"Syracuse",1969,5,5,0
"Syracuse",1970,6,4,0
"Syracuse",1971,5,5,1
"Syracuse",1972,5,6,0
"Syracuse",1973,2,9,0
"Syracuse",1974,2,9,0
"Syracuse",1975,6,5,0
"Syracuse",1976,3,8,0
"Syracuse",1977,6,5,0
"Syracuse",1978,3,8,0
"Syracuse",1979,7,5,0
"Syracuse",1980,5,6,0
"Syracuse",1981,4,6,1
"Syracuse",1982,2,9,0
"Syracuse",1983,6,5,0
"Syracuse",1984,6,5,0
"Syracuse",1985,7,5,0
"Syracuse",1986,5,6,0
"Syracuse",1987,11,0,1
"Syracuse",1988,10,2,0
"Syracuse",1989,8,4,0
"Syracuse",1990,7,4,2
"Syracuse",1991,10,2,0
"Syracuse",1992,10,2,0
"Syracuse",1993,6,4,1
"Syracuse",1994,7,4,0
"Syracuse",1995,9,3,0
"Syracuse",1996,9,3,0
"Syracuse",1997,9,4,0
"Syracuse",1998,8,4,0
"Syracuse",1999,7,5,0
"Syracuse",2000,6,5,0
"Syracuse",2001,10,3,0
"Syracuse",2002,4,8,0
"Syracuse",2003,6,6,0
"Syracuse",2004,6,6,0
"Syracuse",2005,1,10,0
"Syracuse",2006,4,8,0
"Syracuse",2007,2,10,0
"Syracuse",2008,3,9,0
"Syracuse",2009,4,8,0
"Syracuse",2010,8,5,0
"Syracuse",2011,5,7,0
"Syracuse",2012,8,5,0
"Syracuse",2013,7,6,0
"Syracuse",2014,3,9,0
"Syracuse",2015,4,8,0
"Syracuse",2016,4,8,0
"Syracuse",2017,4,8,0
"Syracuse",2018,10,3,0
"Syracuse",2019,5,7,0
"Syracuse",2020,1,10,0
"Syracuse",2021,5,7,0
"Syracuse",2022,7,6,0
"Syracuse",2023,6,7,0
"Syracuse",2024,10,3,0
"Syracuse",2025,3,9,0
"Northwestern",1892,6,4,2
"Northwestern",1893,2,5,3
"Northwestern",1894,4,5,0
"Northwestern",1895,6,5,0
"Northwestern",1896,6,1,2
"Northwestern",1897,5,3,0
"Northwestern",1898,9,4,1
"Northwestern",1899,7,6,0
"Northwestern",1900,7,2,3
"Northwestern",1901,8,2,1
"Northwestern",1902,6,6,0
"Northwestern",1903,10,1,3
"Northwestern",1904,8,2,0
"Northwestern",1905,8,2,1
"Northwestern",1908,2,2,0
"Northwestern",1909,1,3,1
"Northwestern",1910,1,3,1
"Northwestern",1911,3,4,0
"Northwestern",1912,2,3,1
"Northwestern",1913,1,6,0
"Northwestern",1914,1,6,0
"Northwestern",1915,2,5,0
"Northwestern",1916,6,1,0
"Northwestern",1917,5,2,0
"Northwestern",1918,2,2,1
"Northwestern",1919,2,5,0
"Northwestern",1920,3,4,0
"Northwestern",1921,1,6,0
"Northwestern",1922,3,3,1
"Northwestern",1923,2,6,0
"Northwestern",1924,4,4,0
"Northwestern",1925,5,3,0
"Northwestern",1926,7,1,0
"Northwestern",1927,4,4,0
"Northwestern",1928,5,3,0
"Northwestern",1929,6,3,0
"Northwestern",1930,7,1,0
"Northwestern",1931,7,1,1
"Northwestern",1932,3,4,1
"Northwestern",1933,1,5,2
"Northwestern",1934,3,5,0
"Northwestern",1935,4,3,1
"Northwestern",1936,7,1,0
"Northwestern",1937,4,4,0
"Northwestern",1938,4,2,2
"Northwestern",1939,3,4,1
"Northwestern",1940,6,2,0
"Northwestern",1941,5,3,0
"Northwestern",1942,1,9,0
"Northwestern",1943,6,2,0
"Northwestern",1944,1,7,1
"Northwestern",1945,4,4,1
"Northwestern",1946,4,4,1
"Northwestern",1947,3,6,0
"Northwestern",1948,8,2,0
"Northwestern",1949,4,5,0
"Northwestern",1950,6,3,0
"Northwestern",1951,5,4,0
"Northwestern",1952,2,6,1
"Northwestern",1953,3,6,0
"Northwestern",1954,2,7,0
"Northwestern",1955,0,8,1
"Northwestern",1956,4,4,1
"Northwestern",1957,0,9,0
"Northwestern",1958,5,4,0
"Northwestern",1959,6,3,0
"Northwestern",1960,5,4,0
"Northwestern",1961,4,5,0
"Northwestern",1962,7,2,0
"Northwestern",1963,5,4,0
"Northwestern",1964,3,6,0
"Northwestern",1965,4,6,0
"Northwestern",1966,3,6,1
"Northwestern",1967,3,7,0
"Northwestern",1968,1,9,0
"Northwestern",1969,3,7,0
"Northwestern",1970,6,4,0
"Northwestern",1971,7,4,0
"Northwestern",1972,2,9,0
"Northwestern",1973,4,7,0
"Northwestern",1974,3,8,0
"Northwestern",1975,3,8,0
"Northwestern",1976,1,10,0
"Northwestern",1977,1,10,0
"Northwestern",1978,0,10,1
"Northwestern",1979,1,10,0
"Northwestern",1980,0,11,0
"Northwestern",1981,0,11,0
"Northwestern",1982,3,8,0
"Northwestern",1983,2,9,0
"Northwestern",1984,2,9,0
"Northwestern",1985,3,8,0
"Northwestern",1986,4,7,0
"Northwestern",1987,2,8,1
"Northwestern",1988,2,8,1
"Northwestern",1989,0,11,0
"Northwestern",1990,2,9,0
"Northwestern",1991,3,8,0
"Northwestern",1992,3,8,0
"Northwestern",1993,2,9,0
"Northwestern",1994,3,7,1
"Northwestern",1995,10,2,0
"Northwestern",1996,9,3,0
"Northwestern",1997,5,7,0
"Northwestern",1998,3,9,0
"Northwestern",1999,3,8,0
"Northwestern",2000,8,4,0
"Northwestern",2001,4,7,0
"Northwestern",2002,3,9,0
"Northwestern",2003,6,7,0
"Northwestern",2004,6,6,0
"Northwestern",2005,7,5,0
"Northwestern",2006,4,8,0
"Northwestern",2007,6,6,0
"Northwestern",2008,9,4,0
"Northwestern",2009,8,5,0
"Northwestern",2010,7,6,0
"Northwestern",2011,6,7,0
"Northwestern",2012,10,3,0
"Northwestern",2013,5,7,0
"Northwestern",2014,5,7,0
"Northwestern",2015,10,3,0
"Northwestern",2016,7,6,0
"Northwestern",2017,10,3,0
"Northwestern",2018,9,5,0
"Northwestern",2019,3,9,0
"Northwestern",2020,7,2,0
"Northwestern",2021,3,9,0
"Northwestern",2022,1,11,0
"Northwestern",2023,8,5,0
"Northwestern",2024,4,8,0
"Northwestern",2025,7,6,0
"Washington State",1917,6,0,1
"Washington State",1919,5,2,0
"Washington State",1920,5,1,0
"Washington State",1921,4,2,1
"Washington State",1922,2,5,0
"Washington State",1923,2,4,1
"Washington State",1924,1,5,2
"Washington State",1925,3,4,1
"Washington State",1926,6,1,0
"Washington State",1927,3,3,2
"Washington State",1928,7,3,0
"Washington State",1929,10,2,0
"Washington State",1930,9,1,0
"Washington State",1931,6,4,0
"Washington State",1932,7,1,1
"Washington State",1933,5,3,1
"Washington State",1934,4,3,1
"Washington State",1935,5,3,1
"Washington State",1936,6,3,1
"Washington State",1937,3,3,3
"Washington State",1938,2,8,0
"Washington State",1939,4,5,0
"Washington State",1940,4,4,2
"Washington State",1941,6,4,0
"Washington State",1942,6,2,2
"Washington State",1945,6,2,1
"Washington State",1946,1,6,1
"Washington State",1947,3,7,0
"Washington State",1948,4,5,1
"Washington State",1949,3,6,0
"Washington State",1950,4,3,2
"Washington State",1951,7,3,0
"Washington State",1952,4,6,0
"Washington State",1953,4,6,0
"Washington State",1954,4,6,0
"Washington State",1955,1,7,2
"Washington State",1956,3,6,1
"Washington State",1957,6,4,0
"Washington State",1958,7,3,0
"Washington State",1959,6,4,0
"Washington State",1960,4,5,1
"Washington State",1961,3,7,0
"Washington State",1962,5,4,1
"Washington State",1963,3,6,1
"Washington State",1964,3,6,1
"Washington State",1965,7,3,0
"Washington State",1966,3,7,0
"Washington State",1967,2,8,0
"Washington State",1968,3,6,1
"Washington State",1969,1,9,0
"Washington State",1970,1,10,0
"Washington State",1971,4,7,0
"Washington State",1972,7,4,0
"Washington State",1973,5,6,0
"Washington State",1974,2,9,0
"Washington State",1975,3,8,0
"Washington State",1976,3,8,0
"Washington State",1977,6,5,0
"Washington State",1978,3,7,1
"Washington State",1979,3,8,0
"Washington State",1980,4,7,0
"Washington State",1981,8,3,1
"Washington State",1982,3,7,1
"Washington State",1983,7,4,0
"Washington State",1984,6,5,0
"Washington State",1985,4,7,0
"Washington State",1986,3,7,1
"Washington State",1987,3,7,1
"Washington State",1988,9,3,0
"Washington State",1989,6,5,0
"Washington State",1990,3,8,0
"Washington State",1991,4,7,0
"Washington State",1992,9,3,0
"Washington State",1993,5,6,0
"Washington State",1994,8,4,0
"Washington State",1995,3,8,0
"Washington State",1996,5,6,0
"Washington State",1997,10,2,0
"Washington State",1998,3,8,0
"Washington State",1999,3,9,0
"Washington State",2000,4,7,0
"Washington State",2001,10,2,0
"Washington State",2002,10,3,0
"Washington State",2003,10,3,0
"Washington State",2004,5,6,0
"Washington State",2005,4,7,0
"Washington State",2006,6,6,0
"Washington State",2007,5,7,0
"Washington State",2008,2,11,0
"Washington State",2009,1,11,0
"Washington State",2010,2,10,0
"Washington State",2011,4,8,0
"Washington State",2012,3,9,0
"Washington State",2013,6,7,0
"Washington State",2014,3,9,0
"Washington State",2015,9,4,0
"Washington State",2016,8,5,0
"Washington State",2017,9,4,0
"Washington State",2018,11,2,0
"Washington State",2019,6,7,0
"Washington State",2020,1,3,0
"Washington State",2021,7,6,0
"Washington State",2022,7,6,0
"Washington State",2023,5,7,0
"Washington State",2024,8,5,0
"Washington State",2025,7,6,0
"Oregon State",1916,4,5,0
"Oregon State",1917,4,2,1
"Oregon State",1918,2,4,0
"Oregon State",1919,4,4,1
"Oregon State",1920,2,2,2
"Oregon State",1921,4,3,2
"Oregon State",1922,3,4,0
"Oregon State",1923,4,5,2
"Oregon State",1924,3,5,0
"Oregon State",1925,7,2,0
"Oregon State",1926,7,1,0
"Oregon State",1927,3,3,1
"Oregon State",1928,6,3,0
"Oregon State",1929,5,4,0
"Oregon State",1930,7,3,0
"Oregon State",1931,6,3,1
"Oregon State",1932,4,6,0
"Oregon State",1933,6,2,2
"Oregon State",1934,3,6,2
"Oregon State",1935,6,4,1
"Oregon State",1936,4,6,0
"Oregon State",1937,3,3,3
"Oregon State",1938,5,3,1
"Oregon State",1939,9,1,1
"Oregon State",1940,5,3,1
"Oregon State",1941,8,2,0
"Oregon State",1942,4,5,1
"Oregon State",1945,4,4,1
"Oregon State",1946,7,1,1
"Oregon State",1947,5,5,0
"Oregon State",1948,5,4,3
"Oregon State",1949,7,3,0
"Oregon State",1950,3,6,0
"Oregon State",1951,4,6,0
"Oregon State",1952,2,7,0
"Oregon State",1953,3,6,0
"Oregon State",1954,1,8,0
"Oregon State",1955,6,3,0
"Oregon State",1956,7,3,1
"Oregon State",1957,8,2,0
"Oregon State",1958,6,4,0
"Oregon State",1959,3,7,0
"Oregon State",1960,6,3,1
"Oregon State",1961,5,5,0
"Oregon State",1962,9,2,0
"Oregon State",1963,5,5,0
"Oregon State",1964,8,3,0
"Oregon State",1965,5,5,0
"Oregon State",1966,7,3,0
"Oregon State",1967,7,2,1
"Oregon State",1968,7,3,0
"Oregon State",1969,6,4,0
"Oregon State",1970,6,5,0
"Oregon State",1971,5,6,0
"Oregon State",1972,2,9,0
"Oregon State",1973,2,9,0
"Oregon State",1974,3,8,0
"Oregon State",1975,1,10,0
"Oregon State",1976,2,10,0
"Oregon State",1977,2,9,0
"Oregon State",1978,3,7,1
"Oregon State",1979,1,10,0
"Oregon State",1980,0,11,0
"Oregon State",1981,1,10,0
"Oregon State",1982,1,9,1
"Oregon State",1983,2,8,1
"Oregon State",1984,2,9,0
"Oregon State",1985,3,8,0
"Oregon State",1986,3,8,0
"Oregon State",1987,2,9,0
"Oregon State",1988,4,6,1
"Oregon State",1989,4,7,1
"Oregon State",1990,1,10,0
"Oregon State",1991,1,10,0
"Oregon State",1992,1,9,1
"Oregon State",1993,4,7,0
"Oregon State",1994,4,7,0
"Oregon State",1995,1,10,0
"Oregon State",1996,2,9,0
"Oregon State",1997,3,8,0
"Oregon State",1998,5,6,0
"Oregon State",1999,7,5,0
"Oregon State",2000,11,1,0
"Oregon State",2001,5,6,0
"Oregon State",2002,8,5,0
"Oregon State",2003,8,5,0
"Oregon State",2004,7,5,0
"Oregon State",2005,5,6,0
"Oregon State",2006,10,4,0
"Oregon State",2007,9,4,0
"Oregon State",2008,9,4,0
"Oregon State",2009,8,5,0
"Oregon State",2010,5,7,0
"Oregon State",2011,3,9,0
"Oregon State",2012,9,4,0
"Oregon State",2013,7,6,0
"Oregon State",2014,5,7,0
"Oregon State",2015,2,10,0
"Oregon State",2016,4,8,0
"Oregon State",2017,1,11,0
"Oregon State",2018,2,10,0
"Oregon State",2019,5,7,0
"Oregon State",2020,2,5,0
"Oregon State",2021,7,6,0
"Oregon State",2022,10,3,0
"Oregon State",2023,8,5,0
"Oregon State",2024,5,7,0
"Oregon State",2025,2,10,0
"Kansas",1901,3,5,2
"Kansas",1902,6,4,0
"Kansas",1903,6,3,0
"Kansas",1904,8,1,1
"Kansas",1905,10,1,0
"Kansas",1906,7,2,2
"Kansas",1907,5,3,0
"Kansas",1908,9,0,0
"Kansas",1909,8,1,0
"Kansas",1910,6,1,1
"Kansas",1911,4,2,2
"Kansas",1912,4,4,0
"Kansas",1913,5,3,0
"Kansas",1914,5,2,1
"Kansas",1915,6,2,0
"Kansas",1916,4,3,1
"Kansas",1917,6,2,0
"Kansas",1918,2,2,0
"Kansas",1919,3,2,3
"Kansas",1920,5,2,1
"Kansas",1921,4,3,0
"Kansas",1922,3,4,1
"Kansas",1923,5,0,3
"Kansas",1924,2,5,1
"Kansas",1925,2,5,1
"Kansas",1926,2,6,0
"Kansas",1927,3,4,1
"Kansas",1928,2,4,2
"Kansas",1929,4,4,0
"Kansas",1930,6,2,0
"Kansas",1931,5,5,0
"Kansas",1932,5,3,0
"Kansas",1933,5,4,1
"Kansas",1934,3,4,3
"Kansas",1935,4,4,1
"Kansas",1936,1,6,1
"Kansas",1937,3,4,2
"Kansas",1938,3,6,0
"Kansas",1939,2,6,0
"Kansas",1940,2,7,0
"Kansas",1941,3,6,0
"Kansas",1942,2,8,0
"Kansas",1943,4,5,1
"Kansas",1944,3,6,1
"Kansas",1945,4,5,1
"Kansas",1946,7,2,1
"Kansas",1947,8,1,2
"Kansas",1948,7,3,0
"Kansas",1949,5,5,0
"Kansas",1950,6,4,0
"Kansas",1951,8,2,0
"Kansas",1952,7,3,0
"Kansas",1953,2,8,0
"Kansas",1954,0,10,0
"Kansas",1955,3,6,1
"Kansas",1956,3,6,1
"Kansas",1957,5,4,1
"Kansas",1958,4,5,1
"Kansas",1959,5,5,0
"Kansas",1960,7,2,1
"Kansas",1961,7,3,1
"Kansas",1962,6,3,1
"Kansas",1963,5,5,0
"Kansas",1964,6,4,0
"Kansas",1965,2,8,0
"Kansas",1966,2,7,1
"Kansas",1967,5,5,0
"Kansas",1968,9,2,0
"Kansas",1969,1,9,0
"Kansas",1970,5,6,0
"Kansas",1971,4,7,0
"Kansas",1972,4,7,0
"Kansas",1973,7,4,1
"Kansas",1974,4,7,0
"Kansas",1975,7,5,0
"Kansas",1976,6,5,0
"Kansas",1977,3,7,1
"Kansas",1978,1,10,0
"Kansas",1979,3,8,0
"Kansas",1980,4,5,2
"Kansas",1981,8,4,0
"Kansas",1982,2,7,2
"Kansas",1983,4,6,1
"Kansas",1984,5,6,0
"Kansas",1985,6,6,0
"Kansas",1986,3,8,0
"Kansas",1987,1,9,1
"Kansas",1988,1,10,0
"Kansas",1989,4,7,0
"Kansas",1990,3,7,1
"Kansas",1991,6,5,0
"Kansas",1992,8,4,0
"Kansas",1993,5,7,0
"Kansas",1994,6,5,0
"Kansas",1995,10,2,0
"Kansas",1996,4,7,0
"Kansas",1997,5,6,0
"Kansas",1998,4,7,0
"Kansas",1999,5,7,0
"Kansas",2000,4,7,0
"Kansas",2001,3,8,0
"Kansas",2002,2,10,0
"Kansas",2003,6,7,0
"Kansas",2004,4,7,0
"Kansas",2005,7,5,0
"Kansas",2006,6,6,0
"Kansas",2007,12,1,0
"Kansas",2008,8,5,0
"Kansas",2009,5,7,0
"Kansas",2010,3,9,0
"Kansas",2011,2,10,0
"Kansas",2012,1,11,0
"Kansas",2013,3,9,0
"Kansas",2014,3,9,0
"Kansas",2015,0,12,0
"Kansas",2016,2,10,0
"Kansas",2017,1,11,0
"Kansas",2018,3,9,0
"Kansas",2019,3,9,0
"Kansas",2020,0,9,0
"Kansas",2021,2,10,0
"Kansas",2022,6,7,0
"Kansas",2023,9,4,0
"Kansas",2024,5,7,0
"Kansas",2025,5,7,0
"Purdue",1892,8,0,0
"Purdue",1893,5,2,1
"Purdue",1894,8,1,0
"Purdue",1895,4,3,0
"Purdue",1896,4,2,1
"Purdue",1897,5,3,1
"Purdue",1898,3,3,0
"Purdue",1899,4,4,1
"Purdue",1900,4,4,0
"Purdue",1901,4,4,1
"Purdue",1902,7,2,1
"Purdue",1903,4,2,0
"Purdue",1904,9,3,0
"Purdue",1905,6,1,1
"Purdue",1906,0,5,0
"Purdue",1907,0,5,0
"Purdue",1908,4,3,0
"Purdue",1909,2,5,0
"Purdue",1910,1,5,0
"Purdue",1911,3,4,0
"Purdue",1912,4,2,1
"Purdue",1913,4,1,2
"Purdue",1914,5,2,0
"Purdue",1915,3,3,1
"Purdue",1916,2,4,1
"Purdue",1917,3,4,0
"Purdue",1918,3,3,0
"Purdue",1919,2,4,1
"Purdue",1920,2,5,0
"Purdue",1921,1,6,0
"Purdue",1922,1,5,1
"Purdue",1923,2,5,1
"Purdue",1924,5,2,0
"Purdue",1925,3,4,1
"Purdue",1926,5,2,1
"Purdue",1927,6,2,0
"Purdue",1928,5,2,1
"Purdue",1929,8,0,0
"Purdue",1930,6,2,0
"Purdue",1931,9,1,0
"Purdue",1932,7,0,1
"Purdue",1933,6,1,1
"Purdue",1934,5,3,0
"Purdue",1935,4,4,0
"Purdue",1936,5,2,1
"Purdue",1937,4,3,1
"Purdue",1938,5,1,2
"Purdue",1939,3,3,2
"Purdue",1940,2,6,0
"Purdue",1941,2,5,1
"Purdue",1942,1,8,0
"Purdue",1943,9,0,0
"Purdue",1944,5,5,0
"Purdue",1945,7,3,0
"Purdue",1946,2,6,1
"Purdue",1947,5,4,0
"Purdue",1948,3,6,0
"Purdue",1949,4,5,0
"Purdue",1950,2,7,0
"Purdue",1951,5,4,0
"Purdue",1952,4,3,2
"Purdue",1953,2,7,0
"Purdue",1954,5,3,1
"Purdue",1955,5,3,1
"Purdue",1956,3,4,2
"Purdue",1957,5,4,0
"Purdue",1958,6,1,2
"Purdue",1959,5,2,2
"Purdue",1960,4,4,1
"Purdue",1961,6,3,0
"Purdue",1962,4,4,1
"Purdue",1963,5,4,0
"Purdue",1964,6,3,0
"Purdue",1965,7,2,1
"Purdue",1966,9,2,0
"Purdue",1967,8,2,0
"Purdue",1968,8,2,0
"Purdue",1969,8,2,0
"Purdue",1970,4,6,0
"Purdue",1971,3,7,0
"Purdue",1972,6,5,0
"Purdue",1973,5,6,0
"Purdue",1974,4,6,1
"Purdue",1975,4,7,0
"Purdue",1976,5,6,0
"Purdue",1977,5,6,0
"Purdue",1978,9,2,1
"Purdue",1979,10,2,0
"Purdue",1980,9,3,0
"Purdue",1981,5,6,0
"Purdue",1982,3,8,0
"Purdue",1983,3,7,1
"Purdue",1984,7,5,0
"Purdue",1985,5,6,0
"Purdue",1986,3,8,0
"Purdue",1987,3,7,1
"Purdue",1988,4,7,0
"Purdue",1989,3,8,0
"Purdue",1990,2,9,0
"Purdue",1991,4,7,0
"Purdue",1992,4,7,0
"Purdue",1993,1,10,0
"Purdue",1994,4,5,2
"Purdue",1995,4,6,1
"Purdue",1996,3,8,0
"Purdue",1997,9,3,0
"Purdue",1998,9,4,0
"Purdue",1999,7,5,0
"Purdue",2000,8,4,0
"Purdue",2001,6,6,0
"Purdue",2002,7,6,0
"Purdue",2003,9,4,0
"Purdue",2004,7,5,0
"Purdue",2005,5,6,0
"Purdue",2006,8,6,0
"Purdue",2007,8,5,0
"Purdue",2008,4,8,0
"Purdue",2009,5,7,0
"Purdue",2010,4,8,0
"Purdue",2011,7,6,0
"Purdue",2012,6,7,0
"Purdue",2013,1,11,0
"Purdue",2014,3,9,0
"Purdue",2015,2,10,0
"Purdue",2016,3,9,0
"Purdue",2017,7,6,0
"Purdue",2018,6,7,0
"Purdue",2019,4,8,0
"Purdue",2020,2,4,0
"Purdue",2021,9,4,0
"Purdue",2022,8,6,0
"Purdue",2023,4,8,0
"Purdue",2024,1,11,0
"Purdue",2025,2,10,0
"Boston College",1901,2,7,0
"Boston College",1902,0,9,0
"Boston College",1919,5,3,0
"Boston College",1937,4,4,1
"Boston College",1938,6,1,2
"Boston College",1939,9,2,0
"Boston College",1940,11,0,0
"Boston College",1941,7,3,0
"Boston College",1942,8,2,0
"Boston College",1944,4,3,0
"Boston College",1945,3,4,0
"Boston College",1946,6,3,0
"Boston College",1947,5,4,0
"Boston College",1948,5,2,2
"Boston College",1949,4,4,1
"Boston College",1950,0,9,1
"Boston College",1951,3,6,0
"Boston College",1952,4,4,1
"Boston College",1953,5,3,1
"Boston College",1954,8,1,0
"Boston College",1955,5,2,1
"Boston College",1956,5,4,0
"Boston College",1957,7,2,0
"Boston College",1958,7,3,0
"Boston College",1959,5,4,0
"Boston College",1960,3,6,1
"Boston College",1961,4,6,0
"Boston College",1962,8,2,0
"Boston College",1963,6,3,0
"Boston College",1964,6,3,0
"Boston College",1965,6,4,0
"Boston College",1966,4,6,0
"Boston College",1967,4,6,0
"Boston College",1968,6,3,0
"Boston College",1969,5,4,0
"Boston College",1970,8,2,0
"Boston College",1971,9,2,0
"Boston College",1972,4,7,0
"Boston College",1973,7,4,0
"Boston College",1974,8,3,0
"Boston College",1975,7,4,0
"Boston College",1976,8,3,0
"Boston College",1977,6,5,0
"Boston College",1978,0,11,0
"Boston College",1979,5,6,0
"Boston College",1980,7,4,0
"Boston College",1981,5,6,0
"Boston College",1982,8,3,1
"Boston College",1983,9,3,0
"Boston College",1984,10,2,0
"Boston College",1985,4,8,0
"Boston College",1986,9,3,0
"Boston College",1987,5,6,0
"Boston College",1988,3,8,0
"Boston College",1989,2,9,0
"Boston College",1990,4,7,0
"Boston College",1991,4,7,0
"Boston College",1992,8,3,1
"Boston College",1993,9,3,0
"Boston College",1994,7,4,1
"Boston College",1995,4,8,0
"Boston College",1996,5,7,0
"Boston College",1997,4,7,0
"Boston College",1998,4,7,0
"Boston College",1999,8,4,0
"Boston College",2000,7,5,0
"Boston College",2001,8,4,0
"Boston College",2002,9,4,0
"Boston College",2003,8,5,0
"Boston College",2004,9,3,0
"Boston College",2005,9,3,0
"Boston College",2006,10,3,0
"Boston College",2007,11,3,0
"Boston College",2008,9,5,0
"Boston College",2009,8,5,0
"Boston College",2010,7,6,0
"Boston College",2011,4,8,0
"Boston College",2012,2,10,0
"Boston College",2013,7,6,0
"Boston College",2014,7,6,0
"Boston College",2015,3,9,0
"Boston College",2016,7,6,0
"Boston College",2017,7,6,0
"Boston College",2018,7,5,0
"Boston College",2019,6,7,0
"Boston College",2020,6,5,0
"Boston College",2021,6,6,0
"Boston College",2022,3,9,0
"Boston College",2023,7,6,0
"Boston College",2024,7,6,0
"Boston College",2025,2,10,0
"Liberty",2018,6,6,0
"Liberty",2019,8,5,0
"Liberty",2020,10,1,0
"Liberty",2021,8,5,0
"Liberty",2022,8,5,0
"Liberty",2023,13,1,0
"Liberty",2024,8,4,0
"Liberty",2025,4,8,0
"Appalachian State",1972,5,5,1
"Appalachian State",1973,3,7,1
"Appalachian State",1974,6,5,0
"Appalachian State",1975,8,3,0
"Appalachian State",1976,6,4,1
"Appalachian State",1977,2,9,0
"Appalachian State",1978,7,4,0
"Appalachian State",1979,3,8,0
"Appalachian State",1980,6,4,1
"Appalachian State",1981,3,7,1
"Appalachian State",2014,7,5,0
"Appalachian State",2015,11,2,0
"Appalachian State",2016,10,3,0
"Appalachian State",2017,9,4,0
"Appalachian State",2018,11,2,0
"Appalachian State",2019,13,1,0
"Appalachian State",2020,9,3,0
"Appalachian State",2021,10,4,0
"Appalachian State",2022,6,6,0
"Appalachian State",2023,9,5,0
"Appalachian State",2024,5,6,0
"Appalachian State",2025,5,8,0
"Toledo",1962,3,6,0
"Toledo",1963,2,7,0
"Toledo",1964,2,8,0
"Toledo",1965,5,5,0
"Toledo",1966,2,7,1
"Toledo",1967,9,1,0
"Toledo",1968,5,4,1
"Toledo",1969,11,0,0
"Toledo",1970,12,0,0
"Toledo",1971,12,0,0
"Toledo",1972,6,5,0
"Toledo",1973,3,8,0
"Toledo",1974,6,5,0
"Toledo",1975,5,6,0
"Toledo",1976,3,8,0
"Toledo",1977,2,9,0
"Toledo",1978,2,9,0
"Toledo",1979,7,3,1
"Toledo",1980,4,7,0
"Toledo",1981,9,3,0
"Toledo",1982,6,5,0
"Toledo",1983,9,2,0
"Toledo",1984,8,3,1
"Toledo",1985,4,7,0
"Toledo",1986,7,4,0
"Toledo",1987,3,7,1
"Toledo",1988,6,5,0
"Toledo",1989,6,5,0
"Toledo",1990,9,2,0
"Toledo",1991,5,5,1
"Toledo",1992,8,3,0
"Toledo",1993,4,7,0
"Toledo",1994,6,4,1
"Toledo",1995,11,0,1
"Toledo",1996,7,4,0
"Toledo",1997,9,3,0
"Toledo",1998,7,5,0
"Toledo",1999,6,5,0
"Toledo",2000,10,1,0
"Toledo",2001,10,2,0
"Toledo",2002,9,5,0
"Toledo",2003,8,4,0
"Toledo",2004,9,4,0
"Toledo",2005,9,3,0
"Toledo",2006,5,7,0
"Toledo",2007,5,7,0
"Toledo",2008,3,9,0
"Toledo",2009,5,7,0
"Toledo",2010,8,5,0
"Toledo",2011,9,4,0
"Toledo",2012,9,4,0
"Toledo",2013,7,5,0
"Toledo",2014,9,4,0
"Toledo",2015,10,2,0
"Toledo",2016,9,4,0
"Toledo",2017,11,3,0
"Toledo",2018,7,6,0
"Toledo",2019,6,6,0
"Toledo",2020,4,2,0
"Toledo",2021,7,6,0
"Toledo",2022,9,5,0
"Toledo",2023,11,3,0
"Toledo",2024,8,5,0
"Toledo",2025,8,5,0
"Louisiana",1973,0,10,0
"Louisiana",1974,2,9,0
"Louisiana",1975,6,5,0
"Louisiana",1976,9,2,0
"Louisiana",1977,6,4,2
"Louisiana",1978,3,8,0
"Louisiana",1979,4,7,0
"Louisiana",1980,7,4,0
"Louisiana",1981,1,9,1
"Louisiana",1982,7,3,1
"Louisiana",1983,4,6,0
"Louisiana",1984,6,5,0
"Louisiana",1985,4,7,0
"Louisiana",1986,6,5,0
"Louisiana",1987,6,5,0
"Louisiana",1988,6,5,0
"Louisiana",1989,7,4,0
"Louisiana",1990,5,6,0
"Louisiana",1991,2,8,1
"Louisiana",1992,2,9,0
"Louisiana",1993,8,3,0
"Louisiana",1994,6,5,0
"Louisiana",1995,6,5,0
"Louisiana",1996,5,6,0
"Louisiana",1997,1,10,0
"Louisiana",1998,2,9,0
"Louisiana",1999,2,9,0
"Louisiana",2000,1,10,0
"Louisiana",2001,3,8,0
"Louisiana",2002,3,9,0
"Louisiana",2003,4,8,0
"Louisiana",2004,4,7,0
"Louisiana",2005,6,5,0
"Louisiana",2006,6,6,0
"Louisiana",2007,3,9,0
"Louisiana",2008,6,6,0
"Louisiana",2009,6,6,0
"Louisiana",2010,3,9,0
"Louisiana",2011,9,4,0
"Louisiana",2012,9,4,0
"Louisiana",2013,9,4,0
"Louisiana",2014,9,4,0
"Louisiana",2015,4,8,0
"Louisiana",2016,6,7,0
"Louisiana",2017,5,7,0
"Louisiana",2018,7,7,0
"Louisiana",2019,11,3,0
"Louisiana",2020,10,1,0
"Louisiana",2021,13,1,0
"Louisiana",2022,6,7,0
"Louisiana",2023,6,7,0
"Louisiana",2024,10,4,0
"Louisiana",2025,6,7,0
"Air Force",1957,3,6,1
"Air Force",1958,9,0,2
"Air Force",1959,5,4,1
"Air Force",1960,4,6,0
"Air Force",1961,3,7,0
"Air Force",1962,5,5,0
"Air Force",1963,7,4,0
"Air Force",1964,4,5,1
"Air Force",1965,3,6,1
"Air Force",1966,4,6,0
"Air Force",1967,2,6,2
"Air Force",1968,7,3,0
"Air Force",1969,6,4,0
"Air Force",1970,9,3,0
"Air Force",1971,6,4,0
"Air Force",1972,6,4,0
"Air Force",1973,6,4,0
"Air Force",1974,2,9,0
"Air Force",1975,2,8,1
"Air Force",1976,4,7,0
"Air Force",1977,2,8,1
"Air Force",1978,3,8,0
"Air Force",1979,2,9,0
"Air Force",1980,2,9,1
"Air Force",1981,4,7,0
"Air Force",1982,8,5,0
"Air Force",1983,10,2,0
"Air Force",1984,8,4,0
"Air Force",1985,12,1,0
"Air Force",1986,6,5,0
"Air Force",1987,9,4,0
"Air Force",1988,5,7,0
"Air Force",1989,8,4,1
"Air Force",1990,7,5,0
"Air Force",1991,10,3,0
"Air Force",1992,7,5,0
"Air Force",1993,4,8,0
"Air Force",1994,8,4,0
"Air Force",1995,8,5,0
"Air Force",1996,6,5,0
"Air Force",1997,10,3,0
"Air Force",1998,12,1,0
"Air Force",1999,6,5,0
"Air Force",2000,9,3,0
"Air Force",2001,6,6,0
"Air Force",2002,8,5,0
"Air Force",2003,7,5,0
"Air Force",2004,5,6,0
"Air Force",2005,4,7,0
"Air Force",2006,4,8,0
"Air Force",2007,9,4,0
"Air Force",2008,8,5,0
"Air Force",2009,8,5,0
"Air Force",2010,9,4,0
"Air Force",2011,7,6,0
"Air Force",2012,6,7,0
"Air Force",2013,2,10,0
"Air Force",2014,10,3,0
"Air Force",2015,8,6,0
"Air Force",2016,10,3,0
"Air Force",2017,5,7,0
"Air Force",2018,5,7,0
"Air Force",2019,11,2,0
"Air Force",2020,3,3,0
"Air Force",2021,10,3,0
"Air Force",2022,10,3,0
"Air Force",2023,9,4,0
"Air Force",2024,5,7,0
"Air Force",2025,4,8,0
"Fresno State",1969,6,4,0
"Fresno State",1970,8,4,0
"Fresno State",1971,6,5,0
"Fresno State",1972,6,4,1
"Fresno State",1973,2,9,0
"Fresno State",1974,5,7,0
"Fresno State",1975,3,8,0
"Fresno State",1976,5,6,0
"Fresno State",1977,9,2,0
"Fresno State",1978,3,8,0
"Fresno State",1979,4,7,0
"Fresno State",1980,5,6,0
"Fresno State",1981,5,6,0
"Fresno State",1982,11,1,0
"Fresno State",1983,6,5,0
"Fresno State",1984,6,6,0
"Fresno State",1985,11,0,1
"Fresno State",1986,9,2,0
"Fresno State",1987,6,5,0
"Fresno State",1988,10,2,0
"Fresno State",1989,11,1,0
"Fresno State",1990,8,2,1
"Fresno State",1991,10,2,0
"Fresno State",1992,9,4,0
"Fresno State",1993,8,4,0
"Fresno State",1994,5,7,1
"Fresno State",1995,5,7,0
"Fresno State",1996,4,7,0
"Fresno State",1997,6,6,0
"Fresno State",1998,5,6,0
"Fresno State",1999,8,5,0
"Fresno State",2000,7,5,0
"Fresno State",2001,11,3,0
"Fresno State",2002,9,5,0
"Fresno State",2003,9,5,0
"Fresno State",2004,9,3,0
"Fresno State",2005,8,5,0
"Fresno State",2006,4,8,0
"Fresno State",2007,9,4,0
"Fresno State",2008,7,6,0
"Fresno State",2009,8,5,0
"Fresno State",2010,8,5,0
"Fresno State",2011,4,9,0
"Fresno State",2012,9,4,0
"Fresno State",2013,11,2,0
"Fresno State",2014,6,8,0
"Fresno State",2015,3,9,0
"Fresno State",2016,1,11,0
"Fresno State",2017,10,4,0
"Fresno State",2018,12,2,0
"Fresno State",2019,4,8,0
"Fresno State",2020,3,3,0
"Fresno State",2021,10,3,0
"Fresno State",2022,10,4,0
"Fresno State",2023,9,4,0
"Fresno State",2024,6,7,0
"Fresno State",2025,9,4,0
"Colorado",1902,5,1,0
"Colorado",1903,8,2,0
"Colorado",1904,6,2,1
"Colorado",1905,8,1,0
"Colorado",1906,2,3,4
"Colorado",1907,5,3,0
"Colorado",1908,5,2,0
"Colorado",1909,6,0,0
"Colorado",1910,6,0,0
"Colorado",1911,6,0,0
"Colorado",1912,6,3,0
"Colorado",1913,5,1,1
"Colorado",1914,5,1,0
"Colorado",1915,1,6,0
"Colorado",1916,1,5,1
"Colorado",1917,6,2,0
"Colorado",1918,2,3,0
"Colorado",1919,2,3,1
"Colorado",1920,4,1,2
"Colorado",1921,4,1,1
"Colorado",1922,4,4,0
"Colorado",1923,9,0,0
"Colorado",1924,8,1,1
"Colorado",1925,6,3,0
"Colorado",1926,3,5,1
"Colorado",1927,4,5,0
"Colorado",1928,5,1,0
"Colorado",1929,5,1,1
"Colorado",1930,6,1,1
"Colorado",1931,5,3,0
"Colorado",1932,2,4,0
"Colorado",1933,7,2,0
"Colorado",1934,6,1,2
"Colorado",1935,5,4,0
"Colorado",1936,4,3,0
"Colorado",1937,8,1,0
"Colorado",1938,3,4,1
"Colorado",1939,5,3,0
"Colorado",1940,5,3,1
"Colorado",1941,3,4,1
"Colorado",1942,7,2,0
"Colorado",1943,5,2,0
"Colorado",1944,6,2,0
"Colorado",1945,5,3,0
"Colorado",1946,5,4,1
"Colorado",1947,4,5,0
"Colorado",1948,3,6,0
"Colorado",1949,3,7,0
"Colorado",1950,5,4,1
"Colorado",1951,7,3,0
"Colorado",1952,6,2,2
"Colorado",1953,6,4,0
"Colorado",1954,7,2,1
"Colorado",1955,6,4,0
"Colorado",1956,8,2,1
"Colorado",1957,6,3,1
"Colorado",1958,6,4,0
"Colorado",1959,5,5,0
"Colorado",1960,6,4,0
"Colorado",1961,9,2,0
"Colorado",1962,2,8,0
"Colorado",1963,2,8,0
"Colorado",1964,2,8,0
"Colorado",1965,6,2,2
"Colorado",1966,7,3,0
"Colorado",1967,9,2,0
"Colorado",1968,4,6,0
"Colorado",1969,8,3,0
"Colorado",1970,6,5,0
"Colorado",1971,10,2,0
"Colorado",1972,8,4,0
"Colorado",1973,5,6,0
"Colorado",1974,5,6,0
"Colorado",1975,9,3,0
"Colorado",1976,8,4,0
"Colorado",1977,7,3,1
"Colorado",1978,6,5,0
"Colorado",1979,3,8,0
"Colorado",1980,1,10,0
"Colorado",1981,3,8,0
"Colorado",1982,2,8,1
"Colorado",1983,4,7,0
"Colorado",1984,1,10,0
"Colorado",1985,7,5,0
"Colorado",1986,6,6,0
"Colorado",1987,7,4,0
"Colorado",1988,8,4,0
"Colorado",1989,11,1,0
"Colorado",1990,11,1,1
"Colorado",1991,8,3,1
"Colorado",1992,9,2,1
"Colorado",1993,8,3,1
"Colorado",1994,11,1,0
"Colorado",1995,10,2,0
"Colorado",1996,10,2,0
"Colorado",1997,5,6,0
"Colorado",1998,8,4,0
"Colorado",1999,7,5,0
"Colorado",2000,3,8,0
"Colorado",2001,10,3,0
"Colorado",2002,9,5,0
"Colorado",2003,5,7,0
"Colorado",2004,8,5,0
"Colorado",2005,7,6,0
"Colorado",2006,2,10,0
"Colorado",2007,6,7,0
"Colorado",2008,5,7,0
"Colorado",2009,3,9,0
"Colorado",2010,5,7,0
"Colorado",2011,3,10,0
"Colorado",2012,1,11,0
"Colorado",2013,4,8,0
"Colorado",2014,2,10,0
"Colorado",2015,4,9,0
"Colorado",2016,10,4,0
"Colorado",2017,5,7,0
"Colorado",2018,5,7,0
"Colorado",2019,5,7,0
"Colorado",2020,4,2,0
"Colorado",2021,4,8,0
"Colorado",2022,1,11,0
"Colorado",2023,4,8,0
"Colorado",2024,9,4,0
"Colorado",2025,3,9,0
"Cincinnati",1954,8,2,0
"Cincinnati",1955,1,6,2
"Cincinnati",1956,4,5,0
"Cincinnati",1957,5,4,1
"Cincinnati",1958,6,2,2
"Cincinnati",1959,5,4,1
"Cincinnati",1960,4,6,0
"Cincinnati",1961,3,7,0
"Cincinnati",1962,2,8,0
"Cincinnati",1963,6,4,0
"Cincinnati",1964,8,2,0
"Cincinnati",1965,5,5,0
"Cincinnati",1966,3,7,0
"Cincinnati",1967,3,6,0
"Cincinnati",1968,5,4,1
"Cincinnati",1969,4,6,0
"Cincinnati",1970,7,4,0
"Cincinnati",1971,7,4,0
"Cincinnati",1972,2,9,0
"Cincinnati",1973,4,7,0
"Cincinnati",1974,7,4,0
"Cincinnati",1975,6,5,0
"Cincinnati",1976,8,3,0
"Cincinnati",1977,5,4,2
"Cincinnati",1978,5,6,0
"Cincinnati",1979,2,9,0
"Cincinnati",1980,2,9,0
"Cincinnati",1981,6,5,0
"Cincinnati",1982,6,5,0
"Cincinnati",1983,4,6,1
"Cincinnati",1984,2,9,0
"Cincinnati",1985,5,6,0
"Cincinnati",1986,5,6,0
"Cincinnati",1987,4,7,0
"Cincinnati",1988,3,8,0
"Cincinnati",1989,1,9,1
"Cincinnati",1990,1,10,0
"Cincinnati",1991,4,7,0
"Cincinnati",1992,3,8,0
"Cincinnati",1993,8,3,0
"Cincinnati",1994,2,8,1
"Cincinnati",1995,6,5,0
"Cincinnati",1996,6,5,0
"Cincinnati",1997,8,4,0
"Cincinnati",1998,2,9,0
"Cincinnati",1999,3,8,0
"Cincinnati",2000,7,5,0
"Cincinnati",2001,7,5,0
"Cincinnati",2002,7,7,0
"Cincinnati",2003,5,7,0
"Cincinnati",2004,7,5,0
"Cincinnati",2005,4,7,0
"Cincinnati",2006,8,5,0
"Cincinnati",2007,10,3,0
"Cincinnati",2008,11,3,0
"Cincinnati",2009,12,1,0
"Cincinnati",2010,4,8,0
"Cincinnati",2011,10,3,0
"Cincinnati",2012,10,3,0
"Cincinnati",2013,9,4,0
"Cincinnati",2014,9,4,0
"Cincinnati",2015,7,6,0
"Cincinnati",2016,4,8,0
"Cincinnati",2017,4,8,0
"Cincinnati",2018,11,2,0
"Cincinnati",2019,11,3,0
"Cincinnati",2020,9,1,0
"Cincinnati",2021,13,1,0
"Cincinnati",2022,9,4,0
"Cincinnati",2023,3,9,0
"Cincinnati",2024,5,7,0
"Cincinnati",2025,7,6,0
"Wake Forest",1908,1,5,0
"Wake Forest",1909,2,4,0
"Wake Forest",1910,2,7,0
"Wake Forest",1911,3,5,0
"Wake Forest",1912,2,6,0
"Wake Forest",1913,0,8,0
"Wake Forest",1914,3,6,0
"Wake Forest",1915,3,4,0
"Wake Forest",1916,3,3,0
"Wake Forest",1917,1,6,1
"Wake Forest",1918,1,2,0
"Wake Forest",1919,2,6,0
"Wake Forest",1920,2,7,0
"Wake Forest",1921,2,8,0
"Wake Forest",1922,3,5,2
"Wake Forest",1923,6,3,0
"Wake Forest",1924,7,2,0
"Wake Forest",1925,6,2,1
"Wake Forest",1926,5,4,1
"Wake Forest",1927,2,6,2
"Wake Forest",1928,2,6,2
"Wake Forest",1929,6,5,1
"Wake Forest",1930,5,3,1
"Wake Forest",1931,4,4,0
"Wake Forest",1932,3,3,2
"Wake Forest",1933,0,5,1
"Wake Forest",1934,3,7,0
"Wake Forest",1935,2,7,0
"Wake Forest",1936,5,4,0
"Wake Forest",1937,3,6,0
"Wake Forest",1938,4,5,1
"Wake Forest",1939,7,3,0
"Wake Forest",1940,7,3,0
"Wake Forest",1941,5,5,1
"Wake Forest",1942,6,2,1
"Wake Forest",1943,4,5,0
"Wake Forest",1944,8,1,0
"Wake Forest",1945,5,3,1
"Wake Forest",1946,6,3,0
"Wake Forest",1947,6,4,0
"Wake Forest",1948,6,4,0
"Wake Forest",1949,4,6,0
"Wake Forest",1950,6,1,2
"Wake Forest",1951,6,4,0
"Wake Forest",1952,5,4,1
"Wake Forest",1953,3,6,1
"Wake Forest",1954,2,7,1
"Wake Forest",1955,5,4,1
"Wake Forest",1956,2,5,3
"Wake Forest",1957,0,10,0
"Wake Forest",1958,3,7,0
"Wake Forest",1959,6,4,0
"Wake Forest",1960,2,8,0
"Wake Forest",1961,4,6,0
"Wake Forest",1962,0,10,0
"Wake Forest",1963,1,9,0
"Wake Forest",1964,5,5,0
"Wake Forest",1965,3,7,0
"Wake Forest",1966,3,7,0
"Wake Forest",1967,4,6,0
"Wake Forest",1968,2,7,1
"Wake Forest",1969,3,7,0
"Wake Forest",1970,6,5,0
"Wake Forest",1971,6,5,0
"Wake Forest",1972,2,9,0
"Wake Forest",1973,1,9,1
"Wake Forest",1974,1,10,0
"Wake Forest",1975,3,8,0
"Wake Forest",1976,5,6,0
"Wake Forest",1977,1,10,0
"Wake Forest",1978,1,10,0
"Wake Forest",1979,8,4,0
"Wake Forest",1980,5,6,0
"Wake Forest",1981,4,7,0
"Wake Forest",1982,3,8,0
"Wake Forest",1983,4,7,0
"Wake Forest",1984,6,5,0
"Wake Forest",1985,4,7,0
"Wake Forest",1986,5,6,0
"Wake Forest",1987,7,4,0
"Wake Forest",1988,6,4,1
"Wake Forest",1989,2,8,1
"Wake Forest",1990,3,8,0
"Wake Forest",1991,3,8,0
"Wake Forest",1992,8,4,0
"Wake Forest",1993,2,9,0
"Wake Forest",1994,3,8,0
"Wake Forest",1995,1,10,0
"Wake Forest",1996,3,8,0
"Wake Forest",1997,5,6,0
"Wake Forest",1998,3,8,0
"Wake Forest",1999,7,5,0
"Wake Forest",2000,2,9,0
"Wake Forest",2001,6,5,0
"Wake Forest",2002,7,6,0
"Wake Forest",2003,5,7,0
"Wake Forest",2004,4,7,0
"Wake Forest",2005,4,7,0
"Wake Forest",2006,11,3,0
"Wake Forest",2007,9,4,0
"Wake Forest",2008,8,5,0
"Wake Forest",2009,5,7,0
"Wake Forest",2010,3,9,0
"Wake Forest",2011,6,7,0
"Wake Forest",2012,5,7,0
"Wake Forest",2013,4,8,0
"Wake Forest",2014,3,9,0
"Wake Forest",2015,3,9,0
"Wake Forest",2016,7,6,0
"Wake Forest",2017,8,5,0
"Wake Forest",2018,7,6,0
"Wake Forest",2019,8,5,0
"Wake Forest",2020,4,5,0
"Wake Forest",2021,11,3,0
"Wake Forest",2022,8,5,0
"Wake Forest",2023,4,8,0
"Wake Forest",2024,4,8,0
"Wake Forest",2025,9,4,0
"Stanford",1918,0,4,0
"Stanford",1919,4,3,0
"Stanford",1920,4,3,0
"Stanford",1921,4,2,2
"Stanford",1922,4,5,0
"Stanford",1923,7,2,0
"Stanford",1924,7,1,1
"Stanford",1925,7,2,0
"Stanford",1926,10,0,1
"Stanford",1927,8,2,1
"Stanford",1928,8,3,1
"Stanford",1929,9,2,0
"Stanford",1930,9,1,1
"Stanford",1931,7,2,2
"Stanford",1932,6,4,1
"Stanford",1933,8,2,1
"Stanford",1934,9,1,1
"Stanford",1935,8,1,0
"Stanford",1936,2,5,2
"Stanford",1937,4,3,2
"Stanford",1938,3,6,0
"Stanford",1939,1,7,1
"Stanford",1940,10,0,0
"Stanford",1941,6,3,0
"Stanford",1942,6,4,0
"Stanford",1946,6,3,1
"Stanford",1947,0,9,0
"Stanford",1948,4,6,0
"Stanford",1949,7,3,1
"Stanford",1950,5,3,2
"Stanford",1951,9,2,0
"Stanford",1952,5,5,0
"Stanford",1953,6,3,1
"Stanford",1954,4,6,0
"Stanford",1955,6,3,1
"Stanford",1956,4,6,0
"Stanford",1957,6,4,0
"Stanford",1958,2,8,0
"Stanford",1959,3,7,0
"Stanford",1960,0,10,0
"Stanford",1961,4,6,0
"Stanford",1962,5,5,0
"Stanford",1963,3,7,0
"Stanford",1964,5,5,0
"Stanford",1965,6,3,1
"Stanford",1966,5,5,0
"Stanford",1967,5,5,0
"Stanford",1968,6,3,1
"Stanford",1969,7,2,1
"Stanford",1970,9,3,0
"Stanford",1971,9,3,0
"Stanford",1972,6,5,0
"Stanford",1973,7,4,0
"Stanford",1974,5,4,2
"Stanford",1975,6,4,1
"Stanford",1976,6,5,0
"Stanford",1977,9,3,0
"Stanford",1978,8,4,0
"Stanford",1979,5,5,1
"Stanford",1980,6,5,0
"Stanford",1981,4,7,0
"Stanford",1982,5,6,0
"Stanford",1983,1,10,0
"Stanford",1984,5,6,0
"Stanford",1985,4,7,0
"Stanford",1986,8,4,0
"Stanford",1987,5,6,0
"Stanford",1988,3,6,2
"Stanford",1989,3,8,0
"Stanford",1990,5,6,0
"Stanford",1991,8,4,0
"Stanford",1992,10,3,0
"Stanford",1993,4,7,0
"Stanford",1994,3,7,1
"Stanford",1995,7,4,1
"Stanford",1996,7,5,0
"Stanford",1997,5,6,0
"Stanford",1998,3,8,0
"Stanford",1999,8,4,0
"Stanford",2000,5,6,0
"Stanford",2001,9,3,0
"Stanford",2002,2,9,0
"Stanford",2003,4,7,0
"Stanford",2004,4,7,0
"Stanford",2005,5,6,0
"Stanford",2006,1,11,0
"Stanford",2007,4,8,0
"Stanford",2008,5,7,0
"Stanford",2009,8,5,0
"Stanford",2010,12,1,0
"Stanford",2011,11,2,0
"Stanford",2012,12,2,0
"Stanford",2013,11,3,0
"Stanford",2014,8,5,0
"Stanford",2015,12,2,0
"Stanford",2016,10,3,0
"Stanford",2017,9,5,0
"Stanford",2018,9,4,0
"Stanford",2019,4,8,0
"Stanford",2020,4,2,0
"Stanford",2021,3,9,0
"Stanford",2022,3,9,0
"Stanford",2023,3,9,0
"Stanford",2024,3,9,0
"Stanford",2025,4,8,0
